data;100AFN;100MGA;1PAB;1ETB;1VEF;1BOB;100CRC;1SVC;1NIO;1GMD;100MKD;100DZD;1BHD;100IQD;1JOD;1KWD;1LYD;1RSD;1TND;1MAD;1AED;10000STD;1BSD;1BBD;1BZD;1BND;1FJD;100GYD;1JMD;1LRD;1NAD;1SRD;1TTD;1XCD;1SBD;10000VND;100AMD;1CVE;1AWG;100BIF;100XOF;100XAF;100XPF;100DJF;100GNF;100KMF;100CDF;100RWF;1EGP;1GIP;100LBP;100SSP;1SDG;1SYP;1GHS;1HTG;100PYG;1ANG;1PGK;100LAK;100MWK;1ZMW;1AOA;100MMK;1GEL;1MDL;100ALL;1HNL;100SLL;1SZL;1LSL;1AZN;1MZN;100NGN;1ERN;1TWD;1TMT;100MRO;1TOP;1MOP;1ARS;1DOP;100COP;1CUP;1UYU;1BWP;1GTQ;100IRR;100YER;1QAR;1OMR;1SAR;100KHR;1BYN;100LKR;1MVR;1MUR;100NPR;1PKR;1SCR;1PEN;1KGS;1TJS;100UZS;100KES;100SOS;100TZS;100UGX;100BDT;1WST;100KZT;100MNT;100VUV;1BAM;nr tabeli;pe³ny numer tabeli;
;afgani (Afganistan);ariary  (Madagaskar);balboa  (Panama);birr etiopski;bolivar (Wenezuela);boliwiano  (Boliwia);colon  kostarykañski;colon  salwadorski;cordoba  oro  (Nikaragua);dalasi  (Gambia);denar  (Macedonia);dinar  algierski;dinar  bahrajski;dinar iracki;dinar  jordañski;dinar  kuwejcki;dinar  libijski;dinar serbski;dinar  tunezyjski;dirham  marokañski;dirham  ZEA  (Zjednoczone  Emiraty  Arabskie);dobra  (Wyspy Œwiêtego Tomasza i Ksi¹¿êca);dolar  bahamski;dolar  barbadoski;dolar  belizeñski;dolar  brunejski;dolar  Fid¿i;dolar  gujañski;dolar  jamajski;dolar liberyjski;dolar  namibijski;dolar  surinamski;dolar  Trynidadu  i  Tobago;dolar wschodniokaraibski;dolar  Wysp  Salomona;dong  (Wietnam);dram (Armenia);escudo  Republiki  Zielonego  Przyl¹dka;florin arubañski;frank burundyjski;frank  CFA  BCEAO ;frank CFA BEAC;frank CFP  ;frank  D¿ibuti;frank  gwinejski;frank  Komorów;frank  kongijski  (Dem.  Republika  Konga);frank  rwandyjski;funt  egipski;funt gibraltarski;funt  libañski;funt po³udniowosudañski;funt sudañski;funt syryjski;Ghana cedi ;gourde  (Haiti);guarani  (Paragwaj);gulden  Antyli  Holenderskich;kina  (Papua-Nowa  Gwinea);kip  (Laos);kwacha malawijska;kwacha zambijska;kwanza (Angola);kyat (Myanmar, Birma);lari  (Gruzja);lej  Mo³dawii;lek (Albania);lempira  (Honduras);leone  (Sierra  Leone);lilangeni (Suazi);loti  (Lesotho);manat  azerbejd¿añski;metical  (Mozambik);naira (Nigeria);nakfa (Erytrea);nowy dolar tajwañski;nowy manat (Turkmenistan);ouguiya  (Mauretania);pa'anga  (Tonga);pataca (Makau);peso  argentyñskie;peso  dominikañskie;peso  kolumbijskie;peso kubañskie;peso  urugwajskie;pula  (Botswana);quetzal  (Gwatemala);rial  irañski;rial  jemeñski;rial  katarski;rial  omañski;rial  saudyjski;riel  (Kambod¿a);rubel bia³oruski;rupia lankijska;rupia  (Malediwy);rupia  Mauritiusu;rupia  nepalska;rupia  pakistañska;rupia  seszelska;sol  (Peru);som  (Kirgistan);somoni  (Tad¿ykistan);sum (Uzbekistan);szyling  kenijski;szyling somalijski;szyling  tanzañski;szyling  ugandyjski;taka  (Bangladesz);tala  (Samoa);tenge  (Kazachstan);tugrik  (Mongolia);vatu  (Vanuatu);wymienialna marka (Boœnia i Hercegowina);
20170104;6,2861;0,1249;4,2037;0,1868;0,4210;0,6068;0,7632;0,4818;0,1428;0,0966;7,1333;3,7970;11,1917;0,3558;5,9225;13,7309;2,9193;0,0356;1,7870;0,4140;1,1449;1,7810;4,2037;2,1004;2,0921;2,9070;1,9865;2,0304;0,0326;0,0450;0,2999;0,5658;0,6258;1,5532;0,5387;1,8560;0,8580;0,0396;2,3495;0,2509;0,6648;0,6679;3,6711;2,3506;0,0446;0,9085;0,3607;0,5044;0,2339;5,1596;0,2791;;0,6549;0,0082;0,9913;0,0628;0,0725;2,3625;1,3239;0,0513;0,5801;0,4252;0,0254;0,3093;1,5809;0,2101;3,2376;0,1816;0,0763;0,3067;0,3065;2,3753;0,0595;1,3383;0,2704;0,1304;;1,1717;1,8831;0,5264;0,2638;0,0904;0,1411;;0,1462;0,3934;0,5572;0,0130;1,6811;1,1562;10,9597;1,1207;0,1038;2,1337;2,8007;0,2727;0,1165;3,8548;0,0401;0,3101;1,2389;0,0607;0,5331;0,1314;4,0751;0,7269;0,1925;0,1163;5,3577;1,6372;1,2607;0,1688;3,7510;2,2434;1;001/B/NBP/2017;
20170111;6,1871;0,1243;4,1465;0,1836;0,4143;0,5970;0,7509;0,4741;0,1403;0,0918;7,1019;3,7551;11,0118;0,3500;5,8308;13,5036;2,8793;0,0353;1,7985;0,4102;1,1263;1,7799;4,1465;2,0670;2,0584;2,8797;1,9726;1,9890;0,0321;0,0438;0,3021;0,5540;0,6157;1,5301;0,5298;1,8358;0,8552;0,0395;2,3113;0,2469;0,6639;0,6638;3,6606;2,3383;0,0438;0,8945;0,3433;0,4962;0,2214;5,0266;0,2744;;0,6434;0,0080;0,9735;0,0626;0,0714;2,3244;1,3025;0,0505;0,5714;0,4086;0,0250;0,3055;1,5103;0,2058;3,2026;0,1800;0,0556;0,3018;0,3018;2,2919;0,0588;1,3166;0,2664;0,1298;;1,1530;1,8549;0,5180;0,2613;0,0889;0,1401;;0,1442;0,3879;0,5496;0,0128;1,6539;1,1361;10,7570;1,1043;0,1025;2,1017;2,7546;0,2687;0,1149;3,7856;0,0395;0,3195;1,2211;0,0596;0,5263;0,1275;3,9823;0,7152;0,1868;0,1140;5,2552;1,6149;1,2391;0,1657;3,7224;2,2335;2;002/B/NBP/2017;
20170118;6,1203;0,1251;4,0870;0,1810;0,4093;0,5899;0,7419;0,4684;0,1386;0,0934;7,1094;3,7323;10,8463;0,3458;5,7617;13,4023;2,8598;0,0353;1,7948;0,4083;1,1128;1,7775;4,0870;2,0422;2,0337;2,8761;1,9681;1,9652;0,0317;0,0437;0,3020;0,5471;0,6083;1,5097;0,5112;1,8109;0,8382;0,0395;2,2834;0,2437;0,6624;0,6642;3,6625;2,2869;0,0434;0,8839;0,3321;0,4902;0,2158;5,0354;0,2713;;0,6357;0,0079;0,9551;0,0619;0,0706;2,2965;1,2867;0,0499;0,5634;0,4159;0,0247;0,3062;1,5343;0,2030;3,1849;0,1732;0,0547;0,3010;0,3010;2,2132;0,0587;1,3392;0,2632;0,1296;;1,1390;1,8558;0,5117;0,2571;0,0878;0,1400;;0,1423;0,3863;0,5415;0,0126;1,6341;1,1221;10,6209;1,0885;0,1014;2,0904;2,7225;0,2630;0,1140;3,7586;0,0390;0,3023;1,2239;0,0588;0,5169;0,1258;3,9307;0,7066;0,1829;0,1131;5,1704;1,6247;1,2369;0,1640;3,6824;2,2346;3;003/B/NBP/2017;
20170125;6,1000;0,1263;4,0585;0,1799;0,4072;0,5868;0,7381;0,4660;0,1379;0,0902;7,0855;3,7179;10,7743;0,3444;5,7322;13,3403;2,8612;0,0352;1,7889;0,4071;1,1071;1,7772;4,0585;2,0318;2,0233;2,8620;1,9744;1,9552;0,0316;0,0430;0,3044;0,5438;0,6052;1,5021;0,5210;1,7998;0,8366;0,0393;2,2715;0,2424;0,6639;0,6631;3,6564;2,2739;0,0431;0,8794;0,3301;0,4875;0,2132;5,1096;0,2699;;0,6324;0,0079;0,9403;0,0601;0,0701;2,2848;1,2793;0,0497;0,5604;0,4160;0,0245;0,3055;1,5123;0,2023;3,1903;0,1724;0,0552;0,3044;0,3042;2,1526;0,0579;1,2943;0,2615;0,1297;;1,1329;1,8373;0,5090;0,2555;0,0874;0,1388;;0,1438;0,3876;0,5416;0,0126;1,6257;1,1174;10,5695;1,0841;0,1004;2,1068;2,7039;0,2637;0,1139;3,7289;0,0388;0,3140;1,2383;0,0585;0,5143;0,1244;3,9104;0,7030;0,1814;0,1133;5,1288;1,6132;1,2392;0,1637;3,6922;2,2332;4;004/B/NBP/2017;
20170201;5,9896;0,1244;4,0071;0,1770;0,4008;0,5776;0,7265;0,4587;0,1358;0,0877;7,0278;3,6643;10,6259;0,3389;5,6399;13,1411;2,8090;0,0349;1,7508;0,4012;1,0897;1,7552;4,0071;1,9999;1,9915;2,8334;1,9498;1,9327;0,0311;0,0424;0,2972;0,5330;0,5957;1,4802;0,5127;1,7827;0,8245;0,0390;2,2360;0,2373;0,6576;0,6568;3,6223;2,2365;0,0426;0,8661;0,3236;0,4782;0,2124;5,0510;0,2654;;0,6232;0,0078;0,9159;0,0593;0,0689;2,2488;1,2600;0,0489;0,5517;0,4033;0,0241;0,2972;1,4853;0,2008;3,1652;0,1691;0,0532;0,2965;0,2965;2,0706;0,0570;1,2823;0,2574;0,1285;;1,1150;1,8084;0,5009;0,2518;0,0859;0,1372;;0,1425;0,3807;0,5355;0,0124;1,6002;1,1012;10,4147;1,0685;0,0993;2,0849;2,6579;0,2598;0,1127;3,7009;0,0382;0,2942;1,2234;0,0579;0,5061;0,1231;3,8540;0,6919;0,1791;0,1116;5,0604;1,5890;1,2335;0,1629;3,6795;2,2098;5;005/B/NBP/2017;
20170208;6,0667;0,1273;4,0521;0,1788;0,4051;0,5838;0,7343;0,4636;0,1372;0,0913;6,9968;3,6825;10,6542;0,3423;5,7021;13,2457;2,8424;0,0348;1,7729;0,4034;1,1014;1,7565;4,0521;2,0208;2,0128;2,8542;1,9731;1,9455;0,0315;0,0430;0,3007;0,5375;0,6012;1,4949;0,5184;1,7818;0,8319;0,0389;2,2604;0,2398;0,6561;0,6554;3,6136;2,2630;0,0430;0,8763;0,3211;0,4832;0,2203;5,0643;0,2681;;0,6301;0,0079;0,9205;0,0605;0,0698;2,2729;1,2870;0,0494;0,5561;0,4126;0,0244;0,2975;1,5237;0,2028;3,1711;0,1722;0,0545;0,3008;0,3008;2,2168;0,0577;1,2862;0,2604;0,1302;;1,1269;1,8670;0,5063;0,2581;0,0865;0,1416;;0,1425;0,3839;0,5438;0,0125;1,6173;1,1130;10,4325;1,0795;0,1002;2,1082;2,6815;0,2627;0,1140;3,7572;0,0386;0,2997;1,2278;0,0583;0,5104;0,1230;3,8975;0,6994;0,1810;0,1128;5,0611;1,6214;1,2460;0,1630;3,7112;2,2051;6;006/B/NBP/2017;
20170215;6,1076;0,1294;4,0752;0,1799;0,4078;0,5878;0,7285;0,4667;0,1378;0,0911;6,9817;3,6986;10,8157;0,3446;5,7413;13,2405;2,8538;0,0347;1,7780;0,4039;1,1089;1,7522;4,0752;2,0350;2,0266;2,8633;1,9772;1,9593;0,0316;0,0431;0,3125;0,5401;0,6062;1,5070;0,5218;1,7879;0,8325;0,0389;2,2753;0,2413;0,6543;0,6540;3,6095;2,2759;0,0433;0,8826;0,3233;0,4863;0,2476;5,0627;0,2699;;0,6341;0,0079;0,9158;0,0606;0,0702;2,2884;1,2958;0,0497;0,5624;0,4178;0,0246;0,2997;1,5460;0,2030;3,1764;0,1733;0,0555;0,3131;0,3131;2,3020;0,0582;1,2952;0,2621;0,1324;;1,1343;1,8666;0,5097;0,2632;0,0871;0,1418;;0,1429;0,3917;0,5488;0,0126;1,6253;1,1190;10,5739;1,0851;0,1010;2,1865;2,7012;0,2633;0,1145;3,8042;0,0389;0,2991;1,2502;0,0588;0,5086;0,1231;3,9299;0,7041;0,1825;0,1136;5,1332;1,6205;1,2725;0,1641;3,7324;2,1998;7;007/B/NBP/2017;
20170222;6,1391;0,1369;4,0899;0,1806;0,4097;0,5904;0,7339;0,4689;0,1384;0,0918;6,9881;3,7046;10,7429;0,3475;5,7668;13,2604;2,8615;0,0347;1,7703;0,4043;1,1140;1,7515;4,0899;2,0437;2,0357;2,8837;1,9752;1,9690;0,0318;0,0435;0,3124;0,5424;0,6089;1,5106;0,5251;1,7836;0,8410;0,0388;2,2860;0,2423;0,6506;0,6532;3,6014;2,2861;0,0436;0,8864;0,3242;0,4884;0,2584;5,0860;0,2710;;0,6372;0,0079;0,8973;0,0612;0,0716;2,2987;1,2879;0,0499;0,5647;0,4207;0,0247;0,3001;1,5766;0,2041;3,1853;0,1737;0,0549;0,3126;0,3133;2,2827;0,0587;1,3000;0,2631;0,1328;;1,1391;1,8686;0,5118;0,2625;0,0875;0,1410;;0,1447;0,3924;0,5542;0,0126;1,6326;1,1236;10,6116;1,0894;0,1013;2,1873;2,7021;0,2650;0,1148;3,8165;0,0390;0,3039;1,2602;0,0592;0,5095;0,1238;3,9497;0,7073;0,1831;0,1141;5,1433;1,6310;1,3073;0,1652;3,7453;2,1974;8;008/B/NBP/2017;
20170301;6,1054;0,1405;4,0756;0,1797;0,4080;0,5880;0,7309;0,4669;0,1379;0,0917;6,9870;3,6941;10,8073;0,3465;5,7435;13,3158;2,8532;0,0347;1,7744;0,4037;1,1094;1,7521;4,0756;2,0358;2,0273;2,8931;1,9824;1,9599;0,0316;0,0431;0,3117;0,5402;0,6064;1,5051;0,5221;1,7848;0,8366;0,0389;2,2766;0,2412;0,6538;0,6531;3,6009;2,2767;0,0444;0,8830;0,3111;0,4862;0,2549;5,0437;0,2705;;0,6342;0,0079;0,8669;0,0611;0,0733;2,2893;1,2858;0,0496;0,5615;0,4249;0,0246;0,3004;1,6363;0,2046;3,1800;0,1732;0,0547;0,3117;0,3117;2,2796;0,0591;1,2957;0,2624;0,1324;;1,1342;1,8764;0,5097;0,2633;0,0866;0,1392;;0,1444;0,3910;0,5529;0,0126;1,6259;1,1205;10,5746;1,0865;0,1015;2,1801;2,6897;0,2614;0,1145;3,8105;0,0389;0,3055;1,2492;0,0589;0,5026;0,1221;3,9620;0,7044;0,1823;0,1135;5,1185;1,6307;1,2972;0,1644;3,7263;2,1970;9;009/B/NBP/2017;
20170308;6,1160;0,1276;4,0818;0,1800;0,4087;0,5890;0,7325;0,4677;0,1381;0,0897;7,0060;3,7047;10,8286;0,3456;5,7572;13,3417;2,8498;0,0348;1,7623;0,4045;1,1113;1,7572;4,0818;2,0392;2,0307;2,8882;1,9653;1,9625;0,0317;0,0441;0,3141;0,5411;0,6065;1,5092;0,5229;1,7890;0,8373;0,0389;2,2803;0,2416;0,6545;0,6549;3,6107;2,2806;0,0434;0,8845;0,3085;0,4869;0,2318;4,9651;0,2709;;0,6355;0,0079;0,8778;0,0612;0,0755;2,2931;1,2879;0,0498;0,5625;0,4208;0,0246;0,3005;1,6662;0,2061;3,1875;0,1734;0,0548;0,3141;0,3140;2,3132;0,0595;1,2969;0,2625;0,1320;;1,1351;1,8733;0,5103;0,2622;0,0868;0,1380;;0,1440;0,3918;0,5531;0,0126;1,6286;1,1206;10,5943;1,0867;0,1017;2,1416;2,6969;0,2626;0,1149;3,8258;0,0389;0,3152;1,2444;0,0590;0,5096;0,1229;3,9783;0,7056;0,1826;0,1133;5,1301;1,6107;1,2954;0,1648;3,7102;2,2030;10;010/B/NBP/2017;
20170315;6,0938;0,1300;4,0646;0,1791;0,4068;0,5863;0,7292;0,4656;0,1374;0,0868;7,0257;3,6966;10,7980;0,3451;5,7271;13,2784;2,8435;0,0349;1,7811;0,4045;1,1063;1,7579;4,0646;2,0295;2,0216;2,8763;1,9512;1,9705;0,0316;0,0430;0,3097;0,5386;0,6038;1,5029;0,5206;1,7829;0,8392;0,0390;2,2705;0,2403;0,6563;0,6567;3,6204;2,2703;0,0433;0,8809;0,3048;0,4846;0,2381;4,9610;0,2697;;0,6077;0,0079;0,8844;0,0588;0,0746;2,2828;1,2821;0,0495;0,5599;0,4233;0,0245;0,2997;1,6320;0,2053;3,1908;0,1733;0,0543;0,3097;0,3099;2,3693;0,0596;1,2923;0,2613;0,1318;;1,1296;1,8308;0,5078;0,2614;0,0863;0,1357;;0,1436;0,3897;0,5510;0,0125;1,6213;1,1165;10,5863;1,0843;0,1016;2,1167;2,6830;0,2620;0,1142;3,8682;0,0388;0,3015;1,2387;0,0587;0,4966;0,1160;3,9492;0,7024;0,1818;0,1130;5,1231;1,5973;1,2747;0,1656;3,6993;2,2092;11;011/B/NBP/2017;
20170322;5,9562;0,1217;3,9731;0,1745;0,3978;0,5733;0,7148;0,4552;0,1343;0,0885;6,9570;3,6385;10,5593;0,3384;5,5990;13,0556;2,7826;0,0346;1,7614;0,3980;1,0815;1,7453;3,9731;1,9847;1,9764;2,8361;1,9166;1,9128;0,0308;0,0425;0,3141;0,5265;0,5903;1,4702;0,5090;1,7442;0,8214;0,0387;2,2193;0,2349;0,6509;0,6514;3,5961;2,2196;0,0423;0,8616;0,2964;0,4736;0,2186;4,9518;0,2634;;0,5944;0,0077;0,8819;0,0576;0,0718;2,2319;1,2505;0,0484;0,5484;0,4166;0,0240;0,2920;1,6285;0,2032;3,1651;0,1688;0,0526;0,3141;0,3140;2,2845;0,0583;1,2606;0,2558;0,1301;;1,1044;1,7969;0,4966;0,2542;0,0844;0,1365;;0,1410;0,3883;0,5420;0,0123;1,5881;1,0891;10,3253;1,0595;0,0994;2,1088;2,6179;0,2578;0,1121;3,7929;0,0379;0,2949;1,2222;0,0574;0,4875;0,1138;3,8573;0,6867;0,1777;0,1105;4,9802;1,5756;1,2648;0,1617;3,6057;2,1911;12;012/B/NBP/2017;
20170329;5,8915;0,1219;3,9265;0,1719;0,3932;0,5667;0,7067;0,4500;0,1328;0,0875;6,8766;3,5745;10,3355;0,3360;5,5336;12,8754;2,7752;0,0342;1,7317;0,3933;1,0690;1,7259;3,9265;1,9617;1,9541;2,8121;1,9022;1,8882;0,0305;0,0420;0,3004;0,5202;0,5836;1,4532;0,5031;1,7192;0,8118;0,0382;2,1943;0,2322;0,6434;0,6438;3,5498;2,1945;0,0420;0,8521;0,2914;0,4680;0,2146;4,8869;0,2602;;0,5875;0,0076;0,9029;0,0571;0,0693;2,2065;1,2373;0,0478;0,5422;0,4113;0,0237;0,2884;1,6094;0,2016;3,1262;0,1680;0,0532;0,3003;0,2998;2,2982;0,0585;1,2478;0,2529;0,1299;;1,0918;1,7798;0,4909;0,2520;0,0834;0,1351;;0,1381;0,3786;0,5356;0,0121;1,5701;1,0792;10,1376;1,0472;0,0975;2,0923;2,5848;0,2534;0,1116;3,7795;0,0375;0,2915;1,2116;0,0572;0,4699;0,1109;3,8205;0,6789;0,1757;0,1088;4,9175;1,5545;1,2464;0,1601;3,5835;2,1658;13;013/B/NBP/2017;
20170405;5,9011;0,1226;3,9783;0,1746;0,3982;0,5740;0,7147;0,4558;0,1345;0,0888;6,8935;3,6133;10,5527;0,3408;5,6095;13,0238;2,7943;0,0343;1,7470;0,3959;1,0828;1,7297;3,9783;1,9872;1,9789;2,8439;1,9172;1,9121;0,0309;0,0423;0,2918;0,5268;0,5910;1,4719;0,5095;1,7530;0,8206;0,0383;2,2221;0,2350;0,6427;0,6454;3,5585;2,2223;0,0427;0,8632;0,2927;0,4744;0,2204;4,9607;0,2640;;0,5952;0,0077;0,9337;0,0581;0,0693;2,2345;1,2388;0,0484;0,5491;0,4163;0,0240;0,2940;1,6402;0,2045;3,1264;0,1695;0,0534;0,2946;0,2946;2,3328;0,0598;1,2978;0,2558;0,1308;;1,1055;1,7955;0,4970;0,2587;0,0844;0,1387;;0,1396;0,3763;0,5419;0,0123;1,5901;1,0930;10,3331;1,0603;0,0988;2,1276;2,6199;0,2574;0,1128;3,8255;0,0380;0,2952;1,2227;0,0580;0,4721;0,1099;3,8525;0,6876;0,1782;0,1101;4,9918;1,5641;1,2752;0,1632;3,5797;2,1711;14;014/B/NBP/2017;
20170412;5,9394;0,1248;4,0026;0,1755;0,4008;0,5776;0,7173;0,4586;0,1353;0,0890;6,9002;3,6323;10,6302;0,3433;5,6395;13,1371;2,8099;0,0344;1,7113;0,3971;1,0897;1,7312;4,0026;1,9997;1,9913;2,8567;1,9228;1,9420;0,0310;0,0424;0,2906;0,5304;0,5947;1,4784;0,5130;1,7681;0,8231;0,0384;2,2359;0,2364;0,6470;0,6459;3,5620;2,2621;0,0430;0,8630;0,2958;0,4768;0,2214;5,0047;0,2657;;0,5995;0,0078;0,9406;0,0586;0,0725;2,2486;1,2465;0,0487;0,5517;0,4233;0,0241;0,2945;1,6747;0,2072;3,1361;0,1715;0,0534;0,2906;0,2906;2,3714;0,0580;1,2717;0,2577;0,1311;;1,1124;1,8087;0,5000;0,2624;0,0849;0,1391;;0,1407;0,3762;0,5455;0,0123;1,5970;1,0997;10,4090;1,0687;0,0996;2,1107;2,6385;0,2579;0,1132;3,8715;0,0382;0,3068;1,2304;0,0585;0,4517;0,1097;3,8711;0,6919;0,1792;0,1107;5,0257;1,5713;1,2837;0,1659;3,5963;2,1732;15;015/B/NBP/2017;
20170419;5,8452;0,1235;3,9571;0,1727;0,3956;0,5702;0,7094;0,4528;0,1336;0,0879;6,8950;3,5955;10,4701;0,3383;5,5696;12,9577;2,7902;0,0343;1,7165;0,3945;1,0756;1,7184;3,9571;1,9742;1,9659;2,8276;1,9097;1,9007;0,0306;0,0420;0,2955;0,5236;0,5872;1,4597;0,5063;1,7387;0,8178;0,0382;2,2074;0,2333;0,6450;0,6444;3,5537;2,2125;0,0424;0,8544;0,2849;0,4707;0,2183;5,0729;0,2623;;0,5918;0,0077;0,9487;0,0579;0,0715;2,2199;1,2449;0,0481;0,5447;0,4202;0,0238;0,2938;1,6535;0,2048;3,1341;0,1686;0,0527;0,2957;0,2960;2,3216;0,0600;1,2544;0,2541;0,1299;;1,0981;1,7854;0,4935;0,2585;0,0837;0,1391;;0,1385;0,3778;0,5387;0,0122;1,5797;1,0859;11,4652;1,0535;0,0981;2,1181;2,5988;0,2551;0,1121;3,8260;0,0377;0,2886;1,2157;0,0582;0,4452;0,1074;3,8197;0,6831;0,1768;0,1094;4,9476;1,5504;1,2688;0,1643;3,5968;2,1681;16;016/B/NBP/2017;
20170426;5,7206;0,1228;3,8757;0,1691;0,3876;0,5587;0,6951;0,4436;0,1309;0,0861;6,8668;3,5500;10,3086;0,3315;5,4568;12,7064;2,7459;0,0343;1,6205;0,3906;1,0539;1,7192;3,8757;1,9343;1,9262;2,7774;1,8645;1,8775;0,0300;0,0414;0,2949;0,5130;0,5753;1,4299;0,4960;1,6990;0,8026;0,0376;2,1630;0,2285;0,6394;0,6422;3,5409;2,1881;0,0416;0,8374;0,2764;0,4611;0,2135;4,9671;0,2565;;0,5796;0,0075;0,9197;0,0567;0,0693;2,1751;1,2197;0,0472;0,5299;0,4152;0,0234;0,2872;1,5705;0,2010;3,1300;0,1656;0,0516;0,2947;0,2940;2,2745;0,0598;1,2301;0,2493;0,1289;;1,0758;1,7425;0,4830;0,2511;0,0820;0,1335;;0,1364;0,3738;0,5274;0,0119;1,5480;1,0630;10,1296;1,0319;0,0956;2,0771;2,5421;0,2506;0,1111;3,7765;0,0370;0,2872;1,1929;0,0577;0,4388;0,1045;3,7482;0,6693;0,1731;0,1067;4,8324;1,5200;1,2386;0,1600;3,5157;2,1604;17;017/B/NBP/2017;
20170502;5,7267;0,1206;3,8675;0,1690;0,3876;0,5570;0,6932;0,4436;0,1309;0,0861;6,8549;3,5454;10,2602;0,3317;5,4566;12,7015;2,7436;0,0343;1,6204;0,3903;1,0540;1,7197;3,8675;1,9341;1,9260;2,7756;1,8609;1,8773;0,0300;0,0412;0,2914;0,5129;0,5752;1,4314;0,4959;1,7097;0,7967;0,0381;2,1627;0,2285;0,6391;0,6419;3,5419;2,1879;0,0416;0,8375;0,2757;0,4610;0,2131;4,9851;0,2570;;0,5800;0,0075;0,9172;0,0561;0,0695;2,1749;1,2196;0,0472;0,5331;0,4174;0,0234;0,2871;1,5863;0,2026;3,1313;0,1648;0,0516;0,2914;0,2914;2,3078;0,0601;1,2295;0,2489;0,1289;;1,0757;1,7341;0,4831;0,2516;0,0819;0,1316;;0,1376;0,3716;0,5274;0,0119;1,5476;1,0623;10,0778;1,0312;0,0954;2,0714;2,5436;0,2512;0,1113;3,7702;0,0369;0,2836;1,1934;0,0571;0,4387;0,1037;3,7548;0,6692;0,1732;0,1059;4,8290;1,5135;1,2272;0,1602;3,4653;2,1590;18;018/B/NBP/2017;
20170510;5,7043;0,1209;3,8777;0,1685;0,3875;0,5569;0,6875;0,4435;0,1300;0,0846;6,8456;3,5329;10,2480;0,3314;5,4534;12,6877;2,7380;0,0342;1,5981;0,3899;1,0537;1,7150;3,8777;1,9337;1,9256;2,7448;1,8435;1,8613;0,0299;0,0414;0,2858;0,5135;0,5751;1,4314;0,4959;1,6957;0,7984;0,0381;2,1618;0,2283;0,6418;0,6408;3,5326;2,1623;0,0416;0,8591;0,2744;0,4608;0,2140;5,0244;0,2565;3,2985;0,5798;0,0075;0,9194;0,0562;0,0694;2,1744;1,2193;0,0472;0,5337;0,4265;0,0233;0,2833;1,5893;0,2061;3,1348;0,1649;0,0521;0,2856;0,2850;2,2734;0,0616;1,2297;0,2491;0,1279;1,1079;1,0753;1,7312;0,4826;0,2495;0,0819;0,1300;3,8777;0,1381;0,3681;0,5275;0,0119;1,5476;1,0632;10,0645;1,0319;0,0950;2,0544;2,5366;0,2487;0,1117;3,7270;0,0369;0,2871;1,1761;0,0572;0,4391;0,1036;3,7486;0,6691;0,1732;0,1066;4,5460;1,5109;1,2155;0,1604;3,4316;2,1553;19;019/B/NBP/2017;
20170517;5,5439;0,1223;3,7808;0,1645;0,3784;0,5438;0,6666;0,4331;0,1269;0,0826;6,8061;3,4720;10,0041;0,3236;5,3269;12,4202;2,6934;0,0340;1,5781;0,3849;1,0289;1,7020;3,7808;1,8882;1,8803;2,7118;1,8092;1,8169;0,0292;0,0402;0,2891;0,5014;0,5616;1,3971;0,4843;1,6629;0,7874;0,0376;2,1114;0,2226;0,6381;0,6371;3,5120;2,1140;0,0413;0,8387;0,2673;0,4497;0,2086;4,8928;0,2509;3,1940;0,5664;0,0073;0,8800;0,0549;0,0674;2,1233;1,1906;0,0461;0,5211;0,4097;0,0228;0,2813;1,5718;0,2046;3,1106;0,1612;0,0509;0,2885;0,2887;2,2206;0,0618;1,2018;0,2431;0,1253;1,0816;1,0485;1,6866;0,4712;0,2427;0,0800;0,1312;3,7808;0,1347;0,3653;0,5153;0,0117;1,5080;1,0361;9,8616;1,0063;0,0939;2,0338;2,4751;0,2420;0,1089;3,6855;0,0361;0,2803;1,1570;0,0558;0,4308;0,0997;3,6606;0,6533;0,1690;0,1043;4,6953;1,4758;1,2055;0,1562;3,4155;2,1429;20;020/B/NBP/2017;
20170524;5,4972;0,1234;3,7535;0,1633;0,3762;0,5406;0,6444;0,4305;0,1262;0,0807;6,8191;3,4570;9,9103;0,3219;5,2951;12,3540;2,6831;0,0342;1,5455;0,3845;1,0226;1,7189;3,7535;1,8769;1,8691;2,7042;1,8104;1,8060;0,0289;0,0398;0,2886;0,4984;0,5582;1,3879;0,4815;1,6562;0,7781;0,0379;2,0987;0,2210;0,6381;0,6382;3,5188;2,1035;0,0410;0,8339;0,2636;0,4451;0,2075;4,8766;0,2491;3,1593;0,5628;0,0073;0,8536;0,0548;0,0667;2,1106;1,1835;0,0458;0,5180;0,4022;0,0227;0,2770;1,5619;0,2055;3,1197;0,1599;0,0505;0,2884;0,2884;2,2073;0,0630;1,1935;0,2417;0,1245;1,0752;1,0427;1,6828;0,4681;0,2335;0,0795;0,1292;3,7535;0,1329;0,3657;0,5121;0,0116;1,5022;1,0312;9,8788;1,0008;0,0940;2,0260;2,4558;0,2408;0,1081;3,6204;0,0358;0,2786;1,1449;0,0553;0,4267;0,0983;3,6366;0,6494;0,1679;0,1039;4,6655;1,4783;1,2077;0,1557;3,3662;2,1466;21;021/B/NBP/2017;
20170531;5,4580;0,1212;3,7354;0,1622;0,3736;0,5369;0,6518;0,4276;0,1253;0,0822;6,7788;3,4291;9,8518;0,3195;5,2595;12,2720;2,6654;0,0341;1,5341;0,3820;1,0158;1,7004;3,7354;1,8643;1,8565;2,6964;1,8023;1,7966;0,0286;0,0397;0,2845;0,4957;0,5545;1,3797;0,4781;1,6461;0,7738;0,0377;2,0848;0,2163;0,6336;0,6315;3,4989;2,0893;0,0410;0,8280;0,2599;0,4420;0,2060;4,7749;0,2474;3,0510;0,5587;0,0072;0,8692;0,0544;0,0668;2,0963;1,1756;0,0454;0,5146;0,4036;0,0225;0,2736;1,5450;0,2046;3,1111;0,1587;0,0500;0,2845;0,2853;2,1926;0,0625;1,1855;0,2400;0,1238;1,0661;1,0352;1,6863;0,4652;0,2311;0,0790;0,1279;3,7354;0,1321;0,3623;0,5077;0,0115;1,4920;1,0248;9,8205;0,9949;0,0954;1,9984;2,4413;0,2390;0,1071;3,6134;0,0356;0,2768;1,1368;0,0548;0,4233;0,0970;3,6091;0,6450;0,1668;0,1035;4,6302;1,4748;1,1951;0,1553;3,3474;2,1340;22;022/B/NBP/2017;
20170607;5,4581;0,1190;3,7241;0,1615;0,3732;0,5362;0,6556;0,4270;0,1251;0,0826;6,8078;3,4370;9,8689;0,3191;5,2527;12,2784;2,6754;0,0343;1,5346;0,3829;1,0146;1,7077;3,7241;1,8620;1,8542;2,6981;1,7965;1,8073;0,0286;0,0396;0,2898;0,4958;0,5538;1,3774;0,4750;1,6390;0,7713;0,0379;2,0821;0,2159;0,6351;0,6370;3,5206;2,0821;0,0410;0,8269;0,2586;0,4413;0,2057;4,8047;0,2471;3,0382;0,5585;0,0072;0,8635;0,0618;0,0668;2,0938;1,1713;0,0454;0,5139;0,3997;0,0225;0,2751;1,5432;0,2047;3,1335;0,1589;0,0500;0,2898;0,2896;2,2104;0,0616;1,1848;0,2399;0,1238;1,0659;1,0339;1,6811;0,4642;0,2327;0,0789;0,1287;3,7241;0,1314;0,3662;0,5069;0,0115;1,4899;1,0193;9,8689;0,9927;0,0908;1,9961;2,4399;0,2419;0,1072;3,6152;0,0355;0,2757;1,1408;0,0546;0,4232;0,0962;3,6061;0,6442;0,1666;0,1037;4,6146;1,4795;1,1912;0,1566;3,3983;2,1445;23;023/B/NBP/2017;
20170614;5,5082;0,1172;3,7497;0,1624;0,3754;0,5395;0,6584;0,4296;0,1263;0,0829;6,8211;3,4620;9,9362;0,3210;5,2808;12,3421;2,6835;0,0344;1,5275;0,3842;1,0206;1,7083;3,7497;1,8727;1,8654;2,7170;1,8104;1,8029;0,0289;0,0401;0,2938;0,4987;0,5571;1,3870;0,4781;1,6510;0,7768;0,0380;2,0944;0,2171;0,6377;0,6347;3,5256;2,0993;0,0413;0,8323;0,2576;0,4439;0,2070;4,7783;0,2489;3,0616;0,5618;0,0073;0,8560;0,0606;0,0670;2,1064;1,1783;0,0455;0,5166;0,4042;0,0226;0,2760;1,5568;0,2062;3,1503;0,1601;0,0503;0,2938;0,2938;2,2028;0,0622;1,1912;0,2411;0,1241;1,0734;1,0400;1,6980;0,4667;0,2363;0,0793;0,1280;3,7497;0,1325;0,3689;0,5106;0,0116;1,4960;1,0241;9,8882;0,9996;0,0914;1,9958;2,4558;0,2403;0,1078;3,6451;0,0358;0,2779;1,1435;0,0548;0,4256;0,0961;3,6277;0,6481;0,1675;0,1044;4,6489;1,4902;1,1843;0,1584;3,3860;2,1487;24;024/B/NBP/2017;
20170621;5,5929;0,1216;3,8090;0,1650;0,3817;0,5486;0,6724;0,4369;0,1289;0,0839;6,8933;3,5076;10,0980;0,3264;5,3738;12,5309;2,7209;0,0348;1,5267;0,3890;1,0378;1,7293;3,8090;1,9043;1,8968;2,7416;1,8563;1,8329;0,0294;0,0408;0,2925;0,5071;0,5665;1,4100;0,4884;1,6772;0,7932;0,0383;2,1301;0,2207;0,6468;0,6454;3,5567;2,1323;0,0419;0,8461;0,2601;0,4513;0,2099;4,8028;0,2528;3,0876;0,5712;0,0074;0,8636;0,0613;0,0682;2,1419;1,2011;0,0462;0,5255;0,4146;0,0230;0,2808;1,5840;0,2081;3,1977;0,1626;0,0505;0,2925;0,2907;2,2427;0,0632;1,2113;0,2452;0,1251;1,0911;1,0576;1,7430;0,4745;0,2362;0,0806;0,1258;3,8090;0,1347;0,3696;0,5195;0,0117;1,5241;1,0392;9,9129;1,0166;0,0929;1,9858;2,4878;0,2444;0,1094;3,6865;0,0364;0,2826;1,1650;0,0555;0,4326;0,0971;3,6783;0,6591;0,1704;0,1062;4,7304;1,5212;1,1656;0,1616;3,4485;2,1700;25;025/B/NBP/2017;
20170628;5,4620;0,1162;3,7249;0,1609;0,3724;0,5351;0,6548;0,4262;0,1242;0,0825;6,8730;3,4376;9,8756;0,3184;5,2379;12,4737;2,6544;0,0349;1,5188;0,3875;1,0123;1,7101;3,7249;1,8576;1,8503;2,6835;1,8017;1,7878;0,0287;0,0396;0,2857;0,4947;0,5526;1,3739;0,4749;1,6401;0,7750;0,0382;2,0779;0,2152;0,6366;0,6335;3,5462;2,0800;0,0409;0,8252;0,2503;0,4401;0,2064;4,7783;0,2469;2,9880;0,5568;0,0072;0,8376;0,0600;0,0669;2,0894;1,1688;0,0450;0,5139;0,4010;0,0224;0,2789;1,5444;0,2048;3,2020;0,1589;0,0493;0,2857;0,2852;2,1849;0,0618;1,1806;0,2391;0,1222;1,0646;1,0316;1,6995;0,4628;0,2269;0,0787;0,1228;3,7249;0,1312;0,3633;0,5070;0,0114;1,4867;1,0196;9,7280;0,9922;0,0921;1,9348;2,4252;0,2393;0,1076;3,6011;0,0355;0,2758;1,1425;0,0540;0,4219;0,0947;3,5880;0,6429;0,1663;0,1036;4,6308;1,4874;1,1506;0,1583;3,3860;2,1636;26;026/B/NBP/2017;
20170705;5,4745;0,1241;3,7471;0,1610;0,3745;0,5381;0,6589;0,4286;0,1244;0,0832;6,9135;3,4572;9,9186;0,3205;5,2678;12,3388;2,6856;0,0352;1,5323;0,3866;1,0181;1,7325;3,7471;1,8686;1,8608;2,7065;1,8263;1,8137;0,0289;0,0400;0,2828;0,4988;0,5557;1,3821;0,4792;1,6461;0,7810;0,0384;2,0890;0,2163;0,6408;0,6448;3,5615;2,0918;0,0411;0,8299;0,2476;0,4450;0,2091;4,8357;0,2483;3,0233;0,5600;0,0073;0,8520;0,0603;0,0673;2,1011;1,1783;0,0453;0,5142;0,4121;0,0226;0,2759;1,5608;0,2063;3,2083;0,1592;0,0493;0,2841;0,2829;2,1973;0,0622;1,2249;0,2409;0,1226;1,0665;1,0380;1,7242;0,4652;0,2214;0,0791;0,1227;3,7471;0,1317;0,3632;0,5101;0,0115;1,4955;1,0012;9,7703;0,9978;0,0925;1,9148;2,4342;0,2406;0,1086;3,6091;0,0357;0,2719;1,1481;0,0540;0,4244;0,0945;3,6035;0,6476;0,1671;0,1039;4,6477;1,4992;1,1546;0,1578;3,4489;2,1730;27;027/B/NBP/2017;
20170712;5,4198;0,1180;3,7034;0,1594;0,3711;0,5333;0,6528;0,4247;0,1237;0,0805;6,9023;3,4156;9,8805;0,3176;5,2275;12,2867;2,6680;0,0353;1,5230;0,3849;1,0089;1,7274;3,7034;1,8513;1,8440;2,6833;1,8091;1,7862;0,0290;0,0396;0,2741;0,4950;0,5507;1,3710;0,4749;1,6270;0,7773;0,0382;2,0709;0,2187;0,6404;0,6408;3,5562;2,0730;0,0407;0,8226;0,2421;0,4416;0,2066;4,7596;0,2458;2,9501;0,5554;0,0072;0,8408;0,0597;0,0671;2,0823;1,1677;0,0448;0,5108;0,4144;0,0224;0,2727;1,5495;0,2045;3,2062;0,1580;0,0495;0,2748;0,2741;2,1984;0,0613;1,1764;0,2384;0,1217;1,0608;1,0211;1,7007;0,4606;0,2180;0,0784;0,1205;3,7034;0,1281;0,3569;0,5063;0,0114;1,4817;1,0148;9,7545;0,9879;0,0923;1,8743;2,4115;0,2384;0,1078;3,5902;0,0352;0,2737;1,1382;0,0535;0,4205;0,0923;3,5674;0,6407;0,1656;0,1030;4,5900;1,4785;1,1292;0,1548;3,4145;2,1695;28;028/B/NBP/2017;
20170719;5,3375;0,1234;3,6486;0,1569;0,3655;0,5234;0,6367;0,4183;0,1217;0,0794;6,8291;3,3523;9,6683;0,3128;5,1474;12,1781;2,6399;0,0349;1,4953;0,3809;0,9938;1,7108;3,6486;1,8239;1,8112;2,6660;1,7997;1,7552;0,0286;0,0388;0,2831;0,4882;0,5406;1,3501;0,4606;1,6032;0,7593;0,0376;2,0396;0,2109;0,6325;0,6347;3,5272;2,0418;0,0406;0,8100;0,2333;0,4346;0,2030;4,7530;0,2421;2,9168;0,5469;0,0071;0,8317;0,0585;0,0658;2,0510;1,1473;0,0442;0,5071;0,4109;0,0220;0,2691;1,5210;0,2016;3,1772;0,1557;0,0481;0,2823;0,2822;2,1455;0,0602;1,1610;0,2348;0,1200;1,0449;1,0057;1,6924;0,4541;0,2136;0,0769;0,1212;3,6486;0,1274;0,3592;0,5008;0,0112;1,4600;1,0026;9,4787;0,9724;0,0886;1,8711;2,3737;0,2347;0,1069;3,5463;0,0347;0,2706;1,1256;0,0527;0,4142;0,0903;3,5105;0,6311;0,1631;0,1014;4,5126;1,4757;1,1191;0,1513;3,3883;2,1503;29;029/B/NBP/2017;
20170726;5,3521;0,1249;3,6661;0,1574;0,3669;0,5253;0,6385;0,4199;0,1222;0,0802;6,9230;3,3509;9,7064;0,3137;5,1675;12,2305;2,6619;0,0353;1,5204;0,3843;0,9974;1,7296;3,6661;1,8306;1,8178;2,6876;1,8232;1,7624;0,0287;0,0322;0,2808;0,4912;0,5409;1,3549;0,4685;1,6098;0,7657;0,0378;2,0466;0,2114;0,6355;0,6430;3,5732;2,0492;0,0409;0,8129;0,2289;0,4432;0,2042;4,7722;0,2432;2,9219;0,5491;0,0071;0,8330;0,0588;0,0660;2,0585;1,1543;0,0443;0,5046;0,4143;0,0221;0,2695;1,5292;0,2020;3,2081;0,1564;0,0481;0,2808;0,2803;2,1544;0,0600;1,1969;0,2357;0,1207;1,0482;1,0094;1,7147;0,4555;0,2098;0,0774;0,1209;3,6661;0,1287;0,3596;0,5023;0,0112;1,4647;0,9991;9,5156;0,9762;0,0889;1,8806;2,3854;0,2356;0,1089;3,5558;0,0348;0,2703;1,1271;0,0529;0,4163;0,0906;3,5264;0,6334;0,1637;0,1018;4,5347;1,4873;1,1214;0,1511;3,4467;2,1786;30;030/B/NBP/2017;
20170802;5,2514;0,1207;3,5863;0,1542;0,3598;0,5151;0,6260;0,4117;0,1204;0,0757;6,9091;3,3256;9,5314;0,3079;5,0698;11,9106;2,6252;0,0355;1,4991;0,3808;0,9780;1,6919;3,5863;1,7951;1,7825;2,6410;1,7954;1,7311;0,0281;0,0314;0,2711;0,4817;0,5326;1,3286;0,4667;1,5825;0,7500;0,0372;2,0073;0,2071;0,6384;0,6296;3,5630;2,0095;0,0402;0,7973;0,2181;0,4342;0,2013;4,7492;0,2385;2,8664;0,5382;0,0070;0,8193;0,0579;0,0647;2,0186;1,1319;0,0434;0,4961;0,3981;0,0217;0,2651;1,5020;0,2004;3,2095;0,1534;0,0472;0,2711;0,2708;2,1319;0,0588;0,9854;0,2311;0,1189;1,0282;0,9898;1,6938;0,4464;0,2045;0,0761;0,1211;3,5863;0,1271;0,3512;0,4936;0,0110;1,4367;0,9867;9,3440;0,9586;0,0874;1,8537;2,3408;0,2311;0,1086;3,5168;0,0341;0,2653;1,1092;0,0520;0,4082;0,0877;3,4597;0,6211;0,1605;0,0995;4,4657;1,4660;1,0692;0,1464;3,4058;2,1737;31;031/B/NBP/2017;
20170809;5,3062;0,1214;3,6342;0,1556;0,3636;0,5213;0,6310;0,4161;0,1208;0,0765;6,9291;3,3175;9,5859;0,3111;5,1232;11,9736;2,6567;0,0355;1,5169;0,3839;0,9884;1,7361;3,6342;1,8136;1,8014;2,6646;1,8025;1,7494;0,0284;0,0316;0,2700;0,4881;0,5372;1,3429;0,4647;1,5987;0,7584;0,0387;2,0284;0,2091;0,6402;0,6398;3,5731;2,0297;0,0406;0,8060;0,2268;0,4385;0,2041;4,7252;0,2408;2,8906;0,5439;0,0070;0,8261;0,0569;0,0653;2,0399;1,1439;0,0439;0,5000;0,4062;0,0219;0,2679;1,5195;0,2029;3,2210;0,1552;0,0479;0,2700;0,2700;2,1353;0,0594;1,1818;0,2337;0,1201;1,0387;0,9976;1,7124;0,4508;0,2050;0,0769;0,1211;3,6342;0,1268;0,3526;0,4992;0,0111;1,4516;0,9881;9,3710;0,9679;0,0879;1,8591;2,3698;0,2337;0,1101;3,5588;0,0345;0,2682;1,1199;0,0525;0,4120;0,0880;3,4946;0,6277;0,1622;0,1006;4,4899;1,4831;1,0922;0,1484;3,3665;2,1800;32;032/B/NBP/2017;
20170816;5,3060;0,1235;3,6435;0,1561;0,3651;0,5228;0,6310;0,4178;0,1214;0,0777;6,9459;3,3166;9,6508;0,3125;5,1431;12,0451;2,6586;0,0358;1,5106;0,3841;0,9927;1,7435;3,6435;1,8217;1,8090;2,6648;1,7991;1,7683;0,0286;0,0317;0,2744;0,4902;0,5407;1,3478;0,4721;1,6007;0,7635;0,0387;2,0374;0,2098;0,6415;0,6426;3,5845;2,0382;0,0410;0,8720;0,2278;0,4400;0,2048;4,6970;0,2420;2,8948;0,5463;0,0071;0,8162;0,0566;0,0654;2,0485;1,1487;0,0440;0,5028;0,4040;0,0220;0,2685;1,5256;0,2044;3,2293;0,1559;0,0483;0,2745;0,2735;2,1627;0,0597;1,1933;0,2348;0,1201;1,0433;0,9990;1,7193;0,4526;0,2136;0,0773;0,1231;3,6435;0,1268;0,3555;0,5015;0,0111;1,4579;0,9924;9,4658;0,9721;0,0879;1,8760;2,3793;0,2349;0,1093;3,5486;0,0346;0,2679;1,1238;0,0528;0,4138;0,0878;3,5165;0,6303;0,1629;0,1011;4,5114;1,4886;1,0955;0,1493;3,3518;2,1844;33;033/B/NBP/2017;
20170823;5,2685;0,1229;3,6274;0,1552;0,3635;0,5204;0,6298;0,4160;0,1213;0,0806;6,9529;3,3010;9,6106;0,3108;5,1200;12,0521;2,6513;0,0358;1,4835;0,3837;0,9881;1,7417;3,6274;1,8135;1,8009;2,6646;1,7887;1,7461;0,0284;0,0316;0,2743;0,4880;0,5356;1,3428;0,4705;1,6000;0,7596;0,0386;2,0278;0,2086;0,6422;0,6396;3,5764;2,0291;0,0408;0,8676;0,2349;0,4378;0,2049;4,6433;0,2407;2,8914;0,5434;0,0070;0,8171;0,0563;0,0649;2,0393;1,1408;0,0438;0,5018;0,4022;0,0219;0,2678;1,5158;0,2026;3,2304;0,1552;0,0480;0,2743;0,2747;2,1530;0,0593;1,1911;0,2334;0,1199;1,0393;0,9945;1,6871;0,4503;0,2110;0,0770;0,1215;3,6274;0,1261;0,3548;0,4991;0,0110;1,4517;0,9866;9,4575;0,9687;0,0884;1,8803;2,3741;0,2336;0,1089;3,5377;0,0345;0,2680;1,1209;0,0526;0,4120;0,0868;3,5208;0,6275;0,1621;0,1007;4,5056;1,4621;1,0887;0,1488;3,3679;2,1866;34;034/B/NBP/2017;
20170830;5,2075;0,1192;3,5678;0,1513;0,3568;0,5109;0,6186;0,4083;0,1194;0,0791;6,9178;3,2310;9,4385;0,3054;5,0298;12,0079;2,6156;0,0358;1,4596;0,3816;0,9700;1,7383;3,5678;1,7799;1,7679;2,6278;1,7704;1,7141;0,0278;0,0310;0,2735;0,4790;0,5298;1,3172;0,4619;1,5665;0,7458;0,0388;1,9911;0,2046;0,6398;0,6296;3,5706;1,9931;0,0401;0,8639;0,2295;0,4295;0,2016;4,6085;0,2365;2,8387;0,5340;0,0069;0,8053;0,0560;0,0631;2,0020;1,1191;0,0430;0,4920;0,3949;0,0215;0,2640;1,4680;0,2001;3,1965;0,1523;0,0470;0,2736;0,2742;2,0952;0,0580;1,1321;0,2293;0,1183;1,0194;0,9763;1,6809;0,4421;0,2051;0,0757;0,1214;3,5678;0,1241;0,3524;0,4891;0,0107;1,4246;0,9662;9,1634;0,9501;0,0879;1,8439;2,3314;0,2313;0,1091;3,4845;0,0339;0,2626;1,1000;0,0516;0,4045;0,0852;3,4523;0,6160;0,1590;0,0990;4,4102;1,4543;1,0627;0,1466;3,3546;2,1786;35;035/B/NBP/2017;
20170906;5,1998;0,1210;3,5538;0,1519;0,3561;0,5099;0,6171;0,4075;0,1161;0,0790;6,8962;3,2188;9,4545;0,3045;5,0161;11,8267;2,6142;0,0355;1,4658;0,3804;0,9682;1,7327;3,5538;1,7767;1,7643;2,6302;1,7699;1,7115;0,0276;0,0304;0,2754;0,4780;0,5284;1,3141;0,4616;1,5671;0,7452;0,0383;1,9867;0,2040;0,6374;0,6273;3,5530;1,9890;0,0397;0,8603;0,2286;0,4284;0,2018;4,6349;0,2358;2,8403;0,5326;0,0069;0,8060;0,0564;0,0629;1,9979;1,1132;0,0429;0,4902;0,3887;0,0215;0,2630;1,4369;0,2007;3,1840;0,1520;0,0470;0,2749;0,2754;2,0919;0,0579;1,1667;0,2287;0,1183;1,0179;0,9743;1,6613;0,4413;0,2063;0,0754;0,1214;3,5538;0,1234;0,3533;0,4873;0,0107;1,4217;0,9770;9,2144;0,9485;0,0875;1,8485;2,3297;0,2308;0,1077;3,4635;0,0338;0,2621;1,0985;0,0516;0,4042;0,0439;3,4447;0,6147;0,1588;0,0988;4,4147;1,4340;1,0426;0,1459;3,3635;2,1702;36;036/B/NBP/2017;
20170913;5,1909;0,1201;3,5627;0,1520;0,3565;0,5113;0,6146;0,4080;0,1175;0,0790;6,9286;3,2076;9,4481;0,3051;5,0238;11,8235;2,6230;0,0358;1,4641;0,3817;0,9693;1,7049;3,5627;1,7790;1,7666;2,6480;1,7635;1,7137;0,0275;0,0304;0,2730;0,4787;0,5248;1,3172;0,4631;1,5696;0,7462;0,0384;1,9896;0,2041;0,6408;0,6294;3,5731;1,9915;0,0398;0,8618;0,2277;0,4285;0,2022;4,7303;0,2364;2,8430;0,5335;0,0069;0,8066;0,0564;0,0632;2,0005;1,0993;0,0430;0,4908;0,3858;0,0215;0,2643;1,4477;0,2014;3,1968;0,1525;0,0470;0,2728;0,2738;2,0939;0,0582;1,1313;0,2293;0,1185;1,0185;0,9756;1,6606;0,4426;0,2087;0,0748;0,1225;3,5627;0,1236;0,3527;0,4882;0,0107;1,4238;0,9778;9,2847;0,9494;0,0876;1,8379;2,3274;0,2299;0,1074;3,4788;0,0338;0,2612;1,1012;0,0517;0,4047;0,0440;3,4587;0,6155;0,1588;0,0990;4,3294;1,4394;1,0492;0,1452;3,3322;2,1820;37;037/B/NBP/2017;
20170920;5,1898;0,1192;3,5619;0,1519;0,3569;0,5110;0,6161;0,4084;0,1178;0,0793;6,9436;3,2050;9,4685;0,3054;5,0287;11,8490;2,6257;0,0360;1,4530;0,3823;0,9702;1,7090;3,5619;1,7803;1,7683;2,6501;1,7772;1,7154;0,0273;0,0304;0,2687;0,4792;0,5277;1,3180;0,4611;1,5669;0,7446;0,0386;1,9911;0,2041;0,6422;0,6330;3,5841;1,9935;0,0398;0,8615;0,2284;0,4285;0,2017;4,8313;0,2364;2,8228;0,5339;0,0069;0,8038;0,0566;0,0629;2,0025;1,1158;0,0430;0,4908;0,3684;0,0215;0,2647;1,4388;0,2019;3,1983;0,1524;0,0468;0,2686;0,2677;2,0960;0,0582;1,1342;0,2294;0,1182;1,0195;0,9765;1,6674;0,4433;0,2081;0,0756;0,1230;3,5619;0,1234;0,3504;0,4886;0,0106;1,4222;0,9789;9,2624;0,9494;0,0878;1,8372;2,3274;0,2302;0,1067;3,4624;0,0338;0,2617;1,0979;0,0518;0,4054;0,0441;3,4486;0,6161;0,1588;0,0992;4,4159;1,4449;1,0438;0,1444;3,3417;2,1867;38;038/B/NBP/2017;
20170927;5,3309;0,1209;3,6650;0,1550;0,3663;0,5253;0,6359;0,4192;0,1206;0,0811;6,9910;3,2195;9,5222;0,3135;5,1647;11,9163;2,6830;0,0360;1,4799;0,3874;0,9958;1,7463;3,6650;1,8278;1,8150;2,6969;1,7951;1,7504;0,0282;0,0311;0,2722;0,4918;0,5394;1,3526;0,4693;1,6082;0,7652;0,0390;2,0438;0,2093;0,6660;0,6366;3,6052;2,0439;0,0408;0,8893;0,2339;0,4327;0,2068;4,9086;0,2426;2,8925;0,5479;0,0071;0,8314;0,0580;0,0645;2,0554;1,1425;0,0441;0,5043;0,3809;0,0221;0,2696;1,4793;0,2077;3,2159;0,1564;0,0480;0,2722;0,2735;2,1519;0,0602;1,1642;0,2355;0,1207;1,0452;1,0023;1,6934;0,4550;0,2083;0,0775;0,1251;3,6650;0,1267;0,3556;0,4996;0,0108;1,4626;0,9843;9,4128;0,9764;0,0896;1,8678;2,3889;0,2376;0,1083;3,4835;0,0347;0,2691;1,1187;0,0534;0,4156;0,0454;3,5415;0,6324;0,1630;0,1016;4,5139;1,4705;1,0762;0,1486;3,3728;2,1991;39;039/B/NBP/2017;
20171004;5,3654;0,1209;3,6597;0,1557;0,3664;0,5277;0,6397;0,4193;0,1207;0,0814;6,9931;3,2323;9,6947;0,3133;5,1613;12,1095;2,6657;0,0361;1,4797;0,3875;0,9961;1,7489;3,6597;1,8282;1,8154;2,6866;1,8011;1,7592;0,0283;0,0311;0,2693;0,4919;0,5401;1,3530;0,4705;1,6081;0,7654;0,0389;2,0444;0,2091;0,6638;0,6331;3,6074;2,0456;0,0409;0,8780;0,2330;0,4391;0,2082;4,8561;0,2427;2,8707;0,5481;0,0071;0,8303;0,0580;0,0646;2,0558;1,1455;0,0441;0,5057;0,3782;0,0221;0,2709;1,4800;0,2083;3,2155;0,1563;0,0476;0,2692;0,2692;2,1526;0,0606;1,1626;0,2354;0,1205;1,0456;1,0026;1,7040;0,4550;0,2102;0,0772;0,1238;3,6597;0,1256;0,3539;0,4982;0,0108;1,4629;0,9834;9,5030;0,9745;0,0899;1,8624;2,3859;0,2360;0,1074;3,5028;0,0347;0,2689;1,1211;0,0532;0,4159;0,0454;3,5425;0,6326;0,1631;0,1015;4,4470;1,4684;1,0651;0,1485;3,4170;2,1998;40;040/B/NBP/2017;
20171011;5,3087;0,1184;3,6219;0,1539;0,3626;0,5222;0,6284;0,4150;0,1195;0,0790;6,9595;3,1974;9,5991;0,3103;5,1080;11,9989;2,6450;0,0359;1,4701;0,3849;0,9859;1,7370;3,6219;1,8094;1,7967;2,6567;1,7750;1,7430;0,0282;0,0307;0,2661;0,4862;0,5385;1,3386;0,4656;1,5934;0,7535;0,0387;2,0234;0,2066;0,6609;0,6304;3,5896;2,0246;0,0405;0,8643;0,2307;0,4343;0,2057;4,7803;0,2401;2,8266;0,5422;0,0070;0,8225;0,0572;0,0642;2,0290;1,1337;0,0437;0,5001;0,3755;0,0218;0,2707;1,4585;0,2076;3,2003;0,1547;0,0472;0,2661;0,2645;2,1303;0,0593;1,1851;0,2332;0,1197;1,0347;0,9923;1,6831;0,4506;0,2081;0,0763;0,1225;3,6219;0,1239;0,3508;0,4931;0,0106;1,4451;0,9724;9,4145;0,9659;0,0892;1,8376;2,3597;0,2352;0,1068;3,4698;0,0344;0,2677;1,1094;0,0529;0,4119;0,0449;3,5097;0,6261;0,1614;0,0999;4,3878;1,4570;1,0801;0,1472;3,3680;2,1901;41;041/B/NBP/2017;
20171018;5,2496;0,1175;3,6006;0,1333;0,3600;0,5192;0,6274;0,4120;0,1169;0,0752;6,8741;3,1420;9,4742;0,3081;5,0714;11,8269;2,6257;0,0355;1,4522;0,3809;0,9789;1,7229;3,6006;1,7964;1,7889;2,6509;1,7566;1,7362;0,0282;0,0304;0,2675;0,4838;0,5343;1,3258;0,4567;1,5819;0,7474;0,0382;2,0092;0,2050;0,6525;0,6224;3,5442;2,0322;0,0399;0,8666;0,2309;0,4223;0,2036;4,7392;0,2372;2,7643;0,5388;0,0070;0,8191;0,0571;0,0638;2,0144;1,1230;0,0433;0,4965;0,3678;0,0217;0,2646;1,4481;0,2074;3,1685;0,1524;0,0469;0,2675;0,2675;2,1152;0,0588;1,1743;0,2385;0,1190;1,0278;0,9851;1,6618;0,4471;0,2074;0,0755;0,1219;3,6006;0,1223;0,3495;0,4890;0,0105;1,4347;0,9874;9,3393;0,9579;0,0886;1,8362;2,3406;0,2326;0,1058;3,4539;0,0341;0,2735;1,1086;0,0524;0,4082;0,0446;3,4778;0,6216;0,1602;0,0982;4,4468;1,4216;1,0782;0,1450;3,3546;2,1624;42;042/B/NBP/2017;
20171025;5,2594;0,1156;3,6006;0,1322;0,3607;0,5187;0,6324;0,4128;0,1172;0,0754;6,8866;3,1428;9,4915;0,3087;5,0812;11,8484;2,6274;0,0354;1,4579;0,3815;0,9806;1,7262;3,6006;1,7998;1,7923;2,6441;1,7438;1,7357;0,0283;0,0302;0,2621;0,4847;0,5353;1,3303;0,4576;1,5862;0,7478;0,0382;2,0186;0,2052;0,6420;0,6235;3,5508;2,0139;0,0399;0,8666;0,2309;0,4231;0,2037;4,7441;0,2376;2,7656;0,5397;0,0070;0,8210;0,0570;0,0639;2,0182;1,1232;0,0434;0,4961;0,3674;0,0217;0,2650;1,4295;0,2083;3,1750;0,1526;0,0470;0,2621;0,2619;2,1342;0,0593;1,1444;0,2390;0,1190;1,0272;1,0144;1,6616;0,4481;0,2058;0,0750;0,1210;3,6006;0,1215;0,3464;0,4900;0,0105;1,4402;0,9532;9,3739;0,9548;0,0887;1,8433;2,3412;0,2330;0,1061;3,4575;0,0342;0,2693;1,1146;0,0526;0,4092;0,0446;3,4670;0,6227;0,1605;0,0982;4,4559;1,4147;1,0797;0,1453;3,3316;2,1663;43;043/B/NBP/2017;
20171031;5,3232;0,1165;3,6529;0,1338;0,3655;0,5272;0,6406;0,4183;0,1186;0,0764;6,9074;3,1652;9,6994;0,3126;5,1488;12,1094;2,6495;0,0356;1,4611;0,3839;0,9939;1,7314;3,6529;1,8238;1,8162;2,6817;1,7595;1,7551;0,0288;0,0306;0,2592;0,4887;0,5424;1,3470;0,4627;1,6076;0,7566;0,0382;2,0451;0,2078;0,6439;0,6439;3,5614;2,0632;0,0405;0,8781;0,2340;0,4275;0,2069;4,8233;0,2408;2,8024;0,5469;0,0071;0,8316;0,0578;0,0647;2,0451;1,1363;0,0440;0,5032;0,3649;0,0220;0,2681;1,3934;0,2101;3,1836;0,1545;0,0477;0,2592;0,2604;2,1474;0,0601;1,1598;0,2422;0,1210;1,0429;1,0279;1,6472;0,4537;0,2063;0,0760;0,1207;3,6529;0,1241;0,3468;0,4965;0,0104;1,4593;1,0025;9,5031;0,9736;0,0899;1,8493;2,3767;0,2361;0,1066;3,5237;0,0347;0,2724;1,1237;0,0531;0,4148;0,0452;3,5204;0,6310;0,1626;0,1000;4,5110;1,4357;1,0906;0,1473;3,3526;2,1729;44;044/B/NBP/2017;
20171108;5,3198;0,1157;3,6595;0,1338;0,3662;0,5282;0,6430;0,4191;0,1189;0,0772;6,8952;3,1658;9,6823;0,3137;5,1588;12,0880;2,6711;0,0357;1,4442;0,3827;0,9956;1,7283;3,6595;1,8273;1,8196;2,6828;1,7619;1,7601;0,0289;0,0306;0,2579;0,4896;0,5435;1,3489;0,4641;1,6090;0,7527;0,0381;2,0435;0,2087;0,6428;0,6428;3,5544;2,0671;0,0405;0,8632;0,2341;0,4281;0,2072;4,8066;0,2413;2,8077;0,5481;0,0071;0,8275;0,0579;0,0648;2,0490;1,1412;0,0439;0,5040;0,3670;0,0221;0,2692;1,3987;0,2085;3,1825;0,1547;0,0478;0,2577;0,2577;2,1533;0,0603;1,1950;0,2426;0,1212;1,0449;1,0298;1,6636;0,4545;0,2072;0,0762;0,1203;3,6595;0,1252;0,3460;0,4980;0,0104;1,4621;1,0046;9,5333;0,9741;0,0902;1,8376;2,3839;0,2366;0,1061;3,5154;0,0348;0,2728;1,1279;0,0526;0,4151;0,0453;3,5304;0,6322;0,1630;0,1005;4,5233;1,4381;1,0971;0,1475;3,3557;2,1690;45;045/B/NBP/2017;
20171115;5,2256;0,1131;3,5886;0,1312;0,3593;0,5149;0,6303;0,4112;0,1167;0,0749;6,9056;3,1370;9,6969;0,3075;5,0619;12,1063;2,6237;0,0358;1,4337;0,3804;0,9770;1,7260;3,5886;1,7930;1,7855;2,6437;1,7380;1,7253;0,0284;0,0285;0,2499;0,4804;0,5332;1,3236;0,4613;1,5850;0,7355;0,0379;2,0107;0,2047;0,6437;0,6437;3,5517;2,0283;0,0398;0,8464;0,2297;0,4199;0,2040;4,7148;0,2367;2,7606;0,5378;0,0070;0,8020;0,0565;0,0634;2,0106;1,1198;0,0431;0,4942;0,3585;0,0216;0,2639;1,3292;0,2034;3,1805;0,1517;0,0468;0,2499;0,2500;2,1130;0,0591;1,1726;0,2380;0,1191;1,0250;1,0105;1,6341;0,4465;0,2053;0,0747;0,1190;3,5886;0,1223;0,3391;0,4889;0,0102;1,4347;0,9379;9,3378;0,9580;0,0890;1,7901;2,3339;0,2321;0,1054;3,4355;0,0340;0,2677;1,1067;0,0515;0,4068;0,0445;3,4608;0,6204;0,1601;0,0987;4,2949;1,4162;1,0785;0,1449;3,3048;2,1723;46;046/B/NBP/2017;
20171122;5,2116;0,1122;3,5881;0,1310;0,3589;0,5146;0,6341;0,4107;0,1165;0,0749;6,8562;3,1176;9,6275;0,3069;5,0552;12,0197;2,6166;0,0355;1,4387;0,3796;0,9757;1,7096;3,5881;1,7889;1,7832;2,6513;1,7301;1,7381;0,0284;0,0284;0,2578;0,4798;0,5326;1,3224;0,4610;1,5781;0,7397;0,0379;2,0078;0,2044;0,6391;0,6391;3,5350;2,0257;0,0397;0,8453;0,2294;0,4180;0,2031;4,7546;0,2364;2,7515;0,5367;0,0070;0,7749;0,0564;0,0634;2,0080;1,1158;0,0431;0,4953;0,3570;0,0216;0,2650;1,3201;0,2060;3,1574;0,1515;0,0467;0,2578;0,2578;2,1102;0,0585;1,1703;0,2378;0,1197;1,0251;1,0095;1,6193;0,4452;0,2050;0,0745;0,1197;3,5881;0,1226;0,3434;0,4880;0,0102;1,4328;0,9844;9,3439;0,9554;0,0887;1,7978;2,3320;0,2318;0,1053;3,4535;0,0340;0,2672;1,1076;0,0514;0,4070;0,0444;3,4680;0,6196;0,1599;0,0986;4,4149;1,4132;1,0854;0,1448;3,2816;2,1568;47;047/B/NBP/2017;
20171129;5,1409;0,1097;3,5385;0,1292;0,3541;0,5078;0,6252;0,4053;0,1149;0,0739;6,8250;3,0803;9,4756;0,3031;4,9885;11,8285;2,5971;0,0352;1,4304;0,3758;0,9628;1,7095;3,5385;1,7671;1,7597;2,6305;1,7147;1,7045;0,0281;0,0281;0,2590;0,4735;0,5256;1,3041;0,4547;1,5593;0,7309;0,0377;1,9816;0,2016;0,6362;0,6362;3,5189;1,9990;0,0392;0,8593;0,2259;0,4123;0,1993;4,7405;0,2333;2,7150;0,5295;0,0069;0,7635;0,0556;0,0625;1,9815;1,1011;0,0425;0,4875;0,3511;0,0213;0,2603;1,3006;0,2056;3,1407;0,1495;0,0461;0,2590;0,2592;2,0824;0,0578;1,1237;0,2346;0,1179;1,0094;0,9962;1,5966;0,4395;0,2036;0,0735;0,1181;3,5385;0,1218;0,3422;0,4811;0,0100;1,4139;0,9728;9,2136;0,9532;0,0874;1,7643;2,3005;0,2288;0,1051;3,4376;0,0335;0,2637;1,0952;0,0507;0,4013;0,0437;3,4236;0,6114;0,1578;0,0973;4,3194;1,3927;1,0689;0,1429;3,2374;2,1469;48;048/B/NBP/2017;
20171206;5,1805;0,1106;3,5653;0,1302;0,3570;0,5141;0,6289;0,4086;0,1157;0,0744;6,8404;3,0994;9,5124;0,2991;5,0255;11,8744;2,6114;0,0353;1,4364;0,3776;0,9706;1,7175;3,5653;1,7814;1,7739;2,6453;1,7001;1,7159;0,0284;0,0282;0,2639;0,4773;0,5298;1,3153;0,4513;1,5694;0,7354;0,0380;1,9978;0,2032;0,6387;0,6387;3,5326;2,0151;0,0395;0,8664;0,2272;0,4155;0,1992;4,7715;0,2352;2,7371;0,5343;0,0069;0,7932;0,0560;0,0630;1,9975;1,1098;0,0428;0,4923;0,3425;0,0215;0,2613;1,3227;0,2072;3,1541;0,1508;0,0465;0,2639;0,2642;2,0974;0,0593;1,1629;0,2366;0,1188;1,0194;1,0035;1,6059;0,4430;0,2063;0,0739;0,1190;3,5653;0,1230;0,3468;0,4851;0,0101;1,4254;0,9793;9,2646;0,9505;0,0879;1,7591;2,3251;0,2306;0,1058;3,4569;0,0338;0,2658;1,1016;0,0511;0,4045;0,0440;3,4650;0,6163;0,1592;0,0984;4,3259;1,3958;1,0681;0,1461;3,2666;2,1553;49;049/B/NBP/2017;
20171213;5,2108;0,1109;3,5880;0,1311;0,3595;0,5177;0,6351;0,4114;0,1165;0,0754;6,8456;3,1087;9,5126;0,3012;5,0637;11,8746;2,6219;0,0353;1,4396;0,3786;0,9773;1,7167;3,5880;1,7937;1,7862;2,6540;1,7351;1,7284;0,0287;0,0284;0,2631;0,4806;0,5335;1,3256;0,4617;1,5803;0,7426;0,0380;2,0112;0,2045;0,6387;0,6387;3,5326;2,0291;0,0398;0,8724;0,2286;0,4183;0,2012;4,7895;0,2368;2,7562;0,5377;0,0070;0,8031;0,0562;0,0634;2,0114;1,1158;0,0431;0,4957;0,3581;0,0217;0,2630;1,4049;0,2082;3,1600;0,1519;0,0469;0,2631;0,2633;2,1082;0,0592;1,1407;0,2382;0,1195;1,0269;1,0105;1,6151;0,4461;0,2070;0,0743;0,1185;3,5880;0,1239;0,3468;0,4885;0,0101;1,4191;0,9850;9,3284;0,9570;0,0885;1,7616;2,3431;0,2322;0,1051;3,4823;0,0328;0,2676;1,1101;0,0515;0,4073;0,0444;3,4806;0,6206;0,1602;0,0992;4,3490;1,4052;1,0702;0,1475;3,2809;2,1553;50;050/B/NBP/2017;
20171220;5,0922;0,1093;3,5459;0,1293;0,3547;0,5109;0,6265;0,4060;0,1150;0,0739;6,8246;3,0676;9,4720;0,2972;4,9970;11,8239;2,5908;0,0352;1,4314;0,3759;0,9644;1,7081;3,5459;1,7701;1,7627;2,6330;1,6959;1,7077;0,0284;0,0280;0,2784;0,4743;0,5264;1,3076;0,4555;1,5605;0,7351;0,0378;1,9846;0,2017;0,6360;0,6360;3,5176;2,0023;0,0392;0,8610;0,2256;0,4127;0,1990;4,7483;0,2337;2,7196;0,5051;0,0069;0,7866;0,0552;0,0626;1,9848;1,1011;0,0426;0,4883;0,3610;0,0214;0,2623;1,4060;0,2061;3,1531;0,1499;0,0462;0,2784;0,2790;2,0804;0,0600;1,1251;0,2350;0,1183;1,0139;0,9972;1,6113;0,4402;0,2011;0,0732;0,1193;3,5459;0,1232;0,3539;0,4820;0,0099;1,4163;0,9735;9,2182;0,9443;0,0874;1,7613;2,3145;0,2292;0,1048;3,4572;0,0320;0,2641;1,0797;0,0510;0,4015;0,0437;3,4348;0,6124;0,1582;0,0980;4,2868;1,4015;1,0550;0,1461;3,2228;2,1461;51;051/B/NBP/2017;

kod ISO;AFN;MGA;PAB;ETB;VEF;BOB;CRC;SVC;NIO;GMD;MKD;DZD;BHD;IQD;JOD;KWD;LYD;RSD;TND;MAD;AED;STD;BSD;BBD;BZD;BND;FJD;GYD;JMD;LRD;NAD;SRD;TTD;XCD;SBD;VND;AMD;CVE;AWG;BIF;XOF;XAF;XPF;DJF;GNF;KMF;CDF;RWF;EGP;GIP;LBP;SSP;SDG;SYP;GHS;HTG;PYG;ANG;PGK;LAK;MWK;ZMW;AOA;MMK;GEL;MDL;ALL;HNL;SLL;SZL;LSL;AZN;MZN;NGN;ERN;TWD;TMT;MRO;TOP;MOP;ARS;DOP;COP;CUP;UYU;BWP;GTQ;IRR;YER;QAR;OMR;SAR;KHR;BYN;LKR;MVR;MUR;NPR;PKR;SCR;PEN;KGS;TJS;UZS;KES;SOS;TZS;UGX;BDT;WST;KZT;MNT;VUV;BAM;
nazwa waluty;afgani (Afganistan);ariary  (Madagaskar);balboa  (Panama);birr etiopski;bolivar (Wenezuela);boliwiano  (Boliwia);colon  kostarykañski;colon  salwadorski;cordoba  oro  (Nikaragua);dalasi  (Gambia);denar  (Macedonia);dinar  algierski;dinar  bahrajski;dinar iracki;dinar  jordañski;dinar  kuwejcki;dinar  libijski;dinar serbski;dinar  tunezyjski;dirham  marokañski;dirham  ZEA  (Zjednoczone  Emiraty  Arabskie);dobra  (Wyspy Œwiêtego Tomasza i Ksi¹¿êca);dolar  bahamski;dolar  barbadoski;dolar  belizeñski;dolar  brunejski;dolar  Fid¿i;dolar  gujañski;dolar  jamajski;dolar liberyjski;dolar  namibijski;dolar  surinamski;dolar  Trynidadu  i  Tobago;dolar wschodniokaraibski;dolar  Wysp  Salomona;dong  (Wietnam);dram (Armenia);escudo  Republiki  Zielonego  Przyl¹dka;florin arubañski;frank burundyjski;frank  CFA  BCEAO ;frank CFA BEAC;frank CFP  ;frank  D¿ibuti;frank  gwinejski;frank  Komorów;frank  kongijski  (Dem.  Republika  Konga);frank  rwandyjski;funt  egipski;funt gibraltarski;funt  libañski;funt po³udniowosudañski;funt sudañski;funt syryjski;Ghana cedi ;gourde  (Haiti);guarani  (Paragwaj);gulden  Antyli  Holenderskich;kina  (Papua-Nowa  Gwinea);kip  (Laos);kwacha malawijska;kwacha zambijska;kwanza (Angola);kyat (Myanmar, Birma);lari  (Gruzja);lej  Mo³dawii;lek (Albania);lempira  (Honduras);leone  (Sierra  Leone);lilangeni (Suazi);loti  (Lesotho);manat  azerbejd¿añski;metical  (Mozambik);naira (Nigeria);nakfa (Erytrea);nowy dolar tajwañski;nowy manat (Turkmenistan);ouguiya  (Mauretania);pa'anga  (Tonga);pataca (Makau);peso  argentyñskie;peso  dominikañskie;peso  kolumbijskie;peso kubañskie;peso  urugwajskie;pula  (Botswana);quetzal  (Gwatemala);rial  irañski;rial  jemeñski;rial  katarski;rial  omañski;rial  saudyjski;riel  (Kambod¿a);rubel bia³oruski;rupia lankijska;rupia  (Malediwy);rupia  Mauritiusu;rupia  nepalska;rupia  pakistañska;rupia  seszelska;sol  (Peru);som  (Kirgistan);somoni  (Tad¿ykistan);sum (Uzbekistan);szyling  kenijski;szyling somalijski;szyling  tanzañski;szyling  ugandyjski;taka  (Bangladesz);tala  (Samoa);tenge  (Kazachstan);tugrik  (Mongolia);vatu  (Vanuatu);wymienialna marka (Boœnia i Hercegowina);
liczba jednostek;100;100;1;1;1;1;100;1;1;1;100;100;1;100;1;1;1;1;1;1;1;10000;1;1;1;1;1;100;1;1;1;1;1;1;1;10000;100;1;1;100;100;100;100;100;100;100;100;100;1;1;100;100;1;1;1;1;100;1;1;100;100;1;1;100;1;1;100;1;100;1;1;1;1;100;1;1;1;100;1;1;1;1;100;1;1;1;1;100;100;1;1;1;100;1;100;1;1;100;1;1;1;1;1;100;100;100;100;100;100;1;100;100;100;1;
